<?xml version="1.0" encoding="UTF-8" ?>

<leviton>
  <tabs>
    <tab title="Incandescent, LV &amp; Fan Speed">

      <products>

        <productCategory category="Vizia +">
          
          <product type="Incandescent600W">
            <title>VPI06-1L</title>
			<image>VPI06.jpg</image>			
            <popup>
              <multiLocationControl>Digital circuitry provides Single Pole, 3-way or Multi-Location dimming with VP00R-1L or VP00R-10 remotes</multiLocationControl>
              <deviceColors>Z, W, T</deviceColors>
              <neutralRequired>No</neutralRequired>
              <colorKits>VPKIT-MD, VPKIT-CD</colorKits>             
              <kitColors>W, I, T, G, E, B, R</kitColors>
              <wallplatesType>Decora screwless or Decora standard, sold separately</wallplatesType>             
            </popup>
          </product>
          <product type="Incandescent1000W">
            <title>VPM10-1L</title>
			<image>VPI06.jpg</image>
            <popup>
              <multiLocationControl>Multi Location Control: Digital circuitry provides Single Pole, 3-way or Multi-Location dimming with VP00R-1L or VP00R-10 remotes</multiLocationControl>
              <deviceColors>Z, T</deviceColors>
              <neutralRequired>No</neutralRequired>
              <colorKits>VPKIT-MD, VPKIT-CD</colorKits>             
              <kitColors>W, I, T, G, E, B, R</kitColors>
              <wallplatesType>Decora screwless or Decora standard, sold separately</wallplatesType>             
            </popup>
          </product>
          <product type="Incandescent1500W">
            <title>star</title>
			<image>VPI06.jpg</image>
          </product>
          <product type="Incandescent2000W">
            <title>star</title>
			<image>VPI06.jpg</image>
          </product>
          <product type="ElectronicLowVoltage400W">
            <title>VPE04-1L</title>
            <image>VPI06.jpg</image>
			<popup>
              <multiLocationControl>Multi Location Control: Digital circuitry provides Single Pole, 3-way or Multi-Location dimming with VP00R-1L or VP00R-10 remotes</multiLocationControl>
              <deviceColors>Z, T</deviceColors>
              <neutralRequired>Yes</neutralRequired>
              <colorKits>VPKIT-MD, VPKIT-CD</colorKits>             
              <kitColors>W, I, T, G, E, B, R</kitColors>
              <wallplatesType>Decora screwless or Decora standard, sold separately</wallplatesType>             
            </popup>
          </product>
          <product type="ElectronicLowVoltage600W">
            <title>VPE06-1L</title>
			<image>VPI06.jpg</image>
            <popup>
              <multiLocationControl>Multi Location Control: Digital circuitry provides Single Pole, 3-way or Multi-Location dimming with VP00R-1L or VP00R-10 remotes</multiLocationControl>
              <deviceColors>Z, T</deviceColors>
              <neutralRequired>Yes</neutralRequired>
              <colorKits>VPKIT-MD, VPKIT-CD</colorKits>             
              <kitColors>W, I, T, G, E, B, R</kitColors>
              <wallplatesType>Decora screwless or Decora standard, sold separately</wallplatesType>             
            </popup>
          </product>          
          <product type="MagneticLowVoltage600VA">
            <title>VPM06-1L</title>
            <image>VPI06.jpg</image>
			<popup>
              <multiLocationControl>Multi Location Control: Digital circuitry provides Single Pole, 3-way or Multi-Location dimming with VP00R-1L or VP00R-10 remotes</multiLocationControl>
              <deviceColors>Z, T</deviceColors>
              <neutralRequired>No</neutralRequired>
              <colorKits>VPKIT-MD, VPKIT-CD</colorKits>             
              <kitColors>W, I, T, G, E, B, R</kitColors>
              <wallplatesType>Decora screwless or Decora standard, sold separately</wallplatesType>             
            </popup>
          </product>
          <product type="MagneticLowVoltage1000VA">
            <title>VPM10-1L</title>
			<image>VPI06.jpg</image>
            <popup>
              <multiLocationControl>Multi Location Control: Digital circuitry provides Single Pole, 3-way or Multi-Location dimming with VP00R-1L or VP00R-10 remotes</multiLocationControl>
              <deviceColors>Z, T</deviceColors>
              <neutralRequired>No</neutralRequired>
              <colorKits>VPKIT-MD, VPKIT-CD</colorKits>             
              <kitColors>W, I, T, G, E, B, R</kitColors>
              <wallplatesType>Decora screwless or Decora standard, sold separately</wallplatesType>             
            </popup>
          </product>
          <product type="MagneticLowVoltage1500VA">
            <title>star</title>
			<image>VPI06.jpg</image>
          </product>        
          <product type="FanSpeedControlQuiet15Amp">
            <title>VPF01-1L</title>
			<image>VPI06.jpg</image>
            <popup>
              <multiLocationControl>Multi Location Control: Digital circuitry provides Single Pole, 3-way or Multi-Location dimming with VP00R-1L or VP00R-10 remotes</multiLocationControl>
              <deviceColors>Z</deviceColors>
              <neutralRequired>Yes</neutralRequired>
              <colorKits>VPKIT-MD, VPKIT-CD</colorKits>             
              <kitColors>W, I, T, G, E, B, R</kitColors>
              <wallplatesType>Decora screwless or Decora standard, sold separately</wallplatesType>             
            </popup>
          </product>
         
        </productCategory>  
        
        <productCategory category="Vizia RF +">
          
          <product type="Incandescent600W">
            <title>VRI06-1L</title>
            <image>VPI06.jpg</image>
			<popup>
              <multiLocationControl>Digital circuitry provides Single Pole, 3-way or Multi-Location dimming with VRCZ1-1L, VP00R-1L or VP00R-10 remotes</multiLocationControl>
              <deviceColors>Z</deviceColors>
              <neutralRequired>No</neutralRequired>
              <colorKits>VPKIT-MD</colorKits>
              <kitColors>W, I, T, G, E, B, R</kitColors>
              <wallplatesType>Decora screwless or Decora standard, sold separately</wallplatesType>             
            </popup>
          </product>  
          <product type="Incandescent1000W">
            <title>VRI10-1L</title>
            <image>VPI06.jpg</image>
            <popup>
              <multiLocationControl>Multi Location Control: Digital circuitry provides Single Pole, 3-way or Multi-Location dimming with VRCZ1-1L, VP00R-1L or VP00R-10 remotes</multiLocationControl>
              <deviceColors>Z</deviceColors>
              <neutralRequired>VRI10 = No; VRMX1 = yes</neutralRequired>
              <colorKits>VPKIT-MD</colorKits>
              <kitColors>W, I, T, G, E, B, R</kitColors>
              <wallplatesType>Decora screwless or Decora standard, sold separately</wallplatesType>             
            </popup>
		  </product>	
          <product type="Incandescent1000W">
            <title>VRMX1-1L</title>
            <image>VPI06.jpg</image>			
            <popup>
              <multiLocationControl>Multi Location Control: Digital circuitry provides Single Pole, 3-way or Multi-Location dimming with VRCZ1-1L, VP00R-1L or VP00R-10 remotes</multiLocationControl>
              <deviceColors>Z</deviceColors>
              <neutralRequired>VRI10 = No; VRMX1 = yes</neutralRequired>
              <colorKits>VPKIT-MD</colorKits>
              <kitColors>W, I, T, G, E, B, R</kitColors>
              <wallplatesType>Decora screwless or Decora standard, sold separately</wallplatesType>             
            </popup>		
          </product>
          <product type="Incandescent1500W">
            <title>star</title>
			<image>VPI06.jpg</image>
          </product>
          <product type="Incandescent2000W">
            <title>star</title>
			<image>VPI06.jpg</image>
          </product>
          <product type="ElectronicLowVoltage600W">
            <title>VRE06-1L</title>
            <image>VPI06.jpg</image>
			<popup>
              <multiLocationControl>Multi Location Control: Digital circuitry provides Single Pole, 3-way or Multi-Location dimming with VRCZ1-1L, VP00R-1L or VP00R-10 remotes</multiLocationControl>
              <deviceColors>Z</deviceColors>
              <neutralRequired>Yes</neutralRequired>
              <colorKits>VPKIT-MD</colorKits>             
              <kitColors>W, I, T, G, E, B, R</kitColors>
              <wallplatesType>Decora screwless or Decora standard, sold separately</wallplatesType>             
            </popup>
          </product>
          <product type="MagneticLowVoltage1000VA">
            <title>VRMX1-1L</title>
			<image>VPI06.jpg</image>
            <popup>
              <multiLocationControl>Multi Location Control: Digital circuitry provides Single Pole, 3-way or Multi-Location dimming with VRCZ1-1L, VP00R-1L or VP00R-10 remotes</multiLocationControl>
              <deviceColors>Z</deviceColors>
              <neutralRequired>Yes</neutralRequired>
              <colorKits>VPKIT-MD</colorKits>             
              <kitColors>W, I, T, G, E, B, R</kitColors>
              <wallplatesType>Decora screwless or Decora standard, sold separately</wallplatesType>             
            </popup>
          </product>
          <product type="MagneticLowVoltage1500VA">
            <title>star</title>
			<image>VPI06.jpg</image>
          </product>
          <product type="FanSpeedControlQuiet15Amp">
            <title>VRF01-1L</title>
			<image>VPI06.jpg</image>
            <popup>
              <multiLocationControl>Multi Location Control: Digital circuitry provides Single Pole, 3-way or Multi-Location dimming with VRCZ1-1L, VP00R-1L or VP00R-10 remotes</multiLocationControl>
              <deviceColors>Z</deviceColors>
              <neutralRequired>Yes</neutralRequired>
              <colorKits>VPKIT-MD</colorKits>             
              <kitColors>W, I, T, G, E, B, R</kitColors>
              <wallplatesType>Decora screwless or Decora standard, sold separately</wallplatesType>             
            </popup>
          </product>
        </productCategory>
        
        <productCategory category="True Touch">
          
          <product type="Incandescent600W">
            <title>TTI06-1L</title>
			<image>TTI06.jpg</image>
            <popup>
              <multiLocationControl>Multi Location Control: Digital circuitry provides Single Pole, 3-way or Multi-Location dimming with TT00R remote</multiLocationControl>
              <deviceColors>Z, GS</deviceColors>
              <neutralRequired>No</neutralRequired>
              <colorKits>VTTKIT</colorKits>
              <kitColors>W, I, T, G, E, WS, GI, BG</kitColors>
              <wallplatesType>Decora screwless or Decora standard, sold separately</wallplatesType>             
            </popup>
          </product>
          <product type="Incandescent1000W">
            <title>TTI10-1L</title>
			<image>TTI06.jpg</image>
            <popup>
              <multiLocationControl>Multi Location Control: Digital circuitry provides Single Pole, 3-way or Multi-Location dimming with TT00R remote</multiLocationControl>
              <deviceColors>Z, GS</deviceColors>
              <neutralRequired>No</neutralRequired>
              <colorKits>VTTKIT</colorKits>
              <kitColors>W, I, T, G, E, WS, GI, BG</kitColors>
              <wallplatesType>Decora screwless or Decora standard, sold separately</wallplatesType>             
            </popup>
          </product>
          <product type="Incandescent1500W">
            <title>star</title>
			<image>TTI06.jpg</image>
          </product>
          <product type="Incandescent2000W">
            <title>star</title>
			<image>TTI06.jpg</image>
          </product>
          <product type="MagneticLowVoltage1000VA">
            <title>TTM10-1L</title>
			<image>TTI06.jpg</image>
            <popup>
              <multiLocationControl>Multi Location Control: Digital circuitry provides Single Pole, 3-way or Multi-Location dimming with TT00R remote</multiLocationControl>
              <deviceColors>Z, GS</deviceColors>
              <neutralRequired>No</neutralRequired>
              <colorKits>TTKIT</colorKits>             
              <kitColors>W, I, T, G, E, WS, GI, BG</kitColors>
              <wallplatesType>Decora screwless or Decora standard, sold separately</wallplatesType>             
            </popup>
          </product>
          <product type="MagneticLowVoltage1500VA">
            <title>star</title>
			<image>TTI06.jpg</image>
          </product>
        </productCategory>

        <productCategory category="Toggletouch">
          
          <product type="Incandescent600W">
            <title>TGI06-1L</title>
			<image>TGI06.jpg</image>
            <popup>
              <multiLocationControl>Multi Location Control: Single Pole or 3-way control when used with 3-way switch</multiLocationControl>
              <deviceColors>W, I, T, G</deviceColors>
              <neutralRequired>No</neutralRequired>
              <colorKits></colorKits>
              <kitColors></kitColors>
              <wallplatesType>Standard toggle wallplate, sold separately</wallplatesType>             
            </popup>
          </product>
          <product type="Incandescent1000W">
            <title>TGI10-1L</title>
			<image>TGI06.jpg</image>
            <popup>
              <multiLocationControl>Multi Location Control: Single Pole or 3-way control when used with 3-way switch</multiLocationControl>
              <deviceColors>W, I, T, G</deviceColors>
              <neutralRequired>No</neutralRequired>
              <colorKits></colorKits>
              <kitColors></kitColors>
              <wallplatesType>Standard toggle wallplate, sold separately</wallplatesType>             
            </popup>
          </product>
          <product type="Incandescent1500W">
            <title>star</title>
			<image>TGI06.jpg</image>
          </product>
          <product type="Incandescent2000W">
            <title>star</title>
			<image>TGI06.jpg</image>
          </product>
          <product type="MagneticLowVoltage1000VA">
            <title>TGM10-1L</title>
			<image>TGI06.jpg</image>
            <popup>
              <multiLocationControl>Multi Location Control: Single Pole or 3-way control when used with 3-way switch</multiLocationControl>
              <deviceColors>W, I, T</deviceColors>
              <neutralRequired>No</neutralRequired>
              <colorKits></colorKits>             
              <kitColors></kitColors>
              <wallplatesType>Standard toggle wallplate, sold separately</wallplatesType>             
            </popup>
          </product>
          <product type="MagneticLowVoltage1500VA">
            <title>star</title>
			<image>TGI06.jpg</image>
          </product>

        </productCategory>

        <productCategory category="IllumaTech Slide">
          
          <product type="Incandescent600W">
            <title>IPI06-1L</title>
			<image>IPI06.jpg</image>
            <popup>
              <multiLocationControl>Multi Location Control: Single Pole or 3-way control when used with 3-way switch</multiLocationControl>
              <deviceColors>W, I, T, G</deviceColors>
              <neutralRequired>No</neutralRequired>
              <colorKits></colorKits>
              <kitColors></kitColors>
              <wallplatesType>Standard toggle wallplate, sold separately</wallplatesType>             
            </popup>
          </product>
          <product type="Incandescent600W">
            <title>IPL06-10</title>
			<image>IPI06.jpg</image>
            <popup>
              <multiLocationControl>Multi Location Control: Single Pole or 3-way control when used with 3-way switch</multiLocationControl>
              <deviceColors>W, I, T, G</deviceColors>
              <neutralRequired>No</neutralRequired>
              <colorKits></colorKits>
              <kitColors></kitColors>
              <wallplatesType>Standard toggle wallplate, sold separately</wallplatesType>             
            </popup>
          </product>
          <product type="Incandescent1000W">
            <title>IPI10-1L</title>
			<image>IPI06.jpg</image>
            <popup>
              <multiLocationControl>Multi Location Control: Single Pole or 3-way control when used with 3-way switch</multiLocationControl>
              <deviceColors>Z</deviceColors>
              <neutralRequired>No</neutralRequired>
              <colorKits>IPKIT-00</colorKits>             
              <kitColors>W, I, T, G, E, B, R</kitColors>
              <wallplatesType>Decora screwless or Decora standard, sold separately</wallplatesType>             
            </popup>
          </product>
          <product type="Incandescent1500W">
            <title>star</title>
			<image>IPI06.jpg</image>
          </product>
          <product type="Incandescent2000W">
            <title>star</title>
			<image>IPI06.jpg</image>
          </product>
          <product type="LEDandCFL150W">
            <title>IPL06-10</title>
			<image>IPI06.jpg</image>
            <popup>
              <multiLocationControl>Multi Location Control: Single Pole or 3-way control when used with 3-way switch</multiLocationControl>
              <deviceColors>Z</deviceColors>
              <neutralRequired>No</neutralRequired>
              <colorKits>IPKIT-LN</colorKits>             
              <kitColors>W, I, T, G, E, B, R</kitColors>
              <wallplatesType>Decora screwless or Decora standard, sold separately</wallplatesType>             
            </popup>            
          </product>
          <product type="ElectronicLowVoltage400VA">
            <title>IPE04-1L</title>
			<image>IPI06.jpg</image>
            <popup>
              <multiLocationControl>Multi Location Control: Single Pole or 3-way control when used with 3-way switch</multiLocationControl>
              <deviceColors>Z</deviceColors>
              <neutralRequired>Yes</neutralRequired>
              <colorKits>IPKIT-00</colorKits>
              <kitColors>W, I, T, G, E, B, R</kitColors>
              <wallplatesType>Decora screwless or Decora standard, sold separately</wallplatesType>             
            </popup>            
          </product>
          <product type="MagneticLowVoltage600VA">
            <title>IPM06-1L</title>
			<image>IPI06.jpg</image>
            <popup>
              <multiLocationControl>Multi Location Control: Single Pole or 3-way control when used with 3-way switch</multiLocationControl>
              <deviceColors>Z</deviceColors>
              <neutralRequired>No</neutralRequired>
              <colorKits>IPKIT-00</colorKits>             
              <kitColors>W, I, T, G, E, B, R</kitColors>
              <wallplatesType>Decora screwless or Decora standard, sold separately</wallplatesType>             
            </popup>
          </product>
          <product type="MagneticLowVoltage1000VA">
            <title>IPM10-1L</title>
			<image>IPI06.jpg</image>
            <popup>
              <multiLocationControl>Multi Location Control: Single Pole or 3-way control when used with 3-way switch</multiLocationControl>
              <deviceColors>Z</deviceColors>
              <neutralRequired>No</neutralRequired>
              <colorKits>IPKIT-00</colorKits>             
              <kitColors>W, I, T, G, E, B, R</kitColors>
              <wallplatesType>Decora screwless or Decora standard, sold separately</wallplatesType>             
            </popup>
          </product>
          <product type="MagneticLowVoltage1500VA">
            <title>star</title>
			<image>IPI06.jpg</image>
          </product>
          <product type="FanSpeedControlQuiet15Amp">
            <title>IPF01-1L</title>
			<image>IPI06.jpg</image>
            <popup>
              <multiLocationControl>Multi Location Control: Single Pole or 3-way control when used with 3-way switch</multiLocationControl>
              <deviceColors>Z</deviceColors>
              <neutralRequired>Yes</neutralRequired>
              <colorKits>IPQFK-00</colorKits>             
              <kitColors>W, I, T, G, E, B, R</kitColors>
              <wallplatesType>Decora screwless or Decora standard, sold separately</wallplatesType>             
            </popup>
          </product>
          <product type="FanSpeedControlVariable5Amp">
            <title>IPF05-1L</title>
			<image>IPI06.jpg</image>
            <popup>
              <multiLocationControl>Multi Location Control: Single Pole or 3-way control when used with 3-way switch</multiLocationControl>
              <deviceColors>Z</deviceColors>
              <neutralRequired>Yes</neutralRequired>
              <colorKits>IPQFK-00</colorKits>             
              <kitColors>W, I, T, G, E, B, R</kitColors>
              <wallplatesType>Decora screwless or Decora standard, sold separately</wallplatesType>             
            </popup>
          </product>

        </productCategory>

        <productCategory category="IllumaTech Rotary">
          
          <product type="Incandescent600W">
            <title>RPI06-1L</title>
			<image>RPI06-1L.jpg</image>         
            <popup>
              <multiLocationControl>Multi Location Control: Single Pole or 3-way control when used with 3-way switch</multiLocationControl>
              <deviceColors>Z</deviceColors>
              <neutralRequired>No</neutralRequired>
              <colorKits></colorKits>
              <kitColors></kitColors>
              <wallplatesType>Decora screwless or Decora standard, sold separately</wallplatesType>             
            </popup>
          </product>
          <product type="Incandescent600W">
            <title>RPI06-10</title>
			<image>RPI06-1O.jpg</image>         
            <popup>
              <multiLocationControl>Multi Location Control: Single Pole or 3-way control when used with 3-way switch</multiLocationControl>
              <deviceColors>Z</deviceColors>
              <neutralRequired>No</neutralRequired>
              <colorKits></colorKits>
              <kitColors></kitColors>
              <wallplatesType>Decora screwless or Decora standard, sold separately</wallplatesType>             
            </popup>
          </product>	  
          <product type="Incandescent1000W">
          	<title>star</title>
		  	<image>RPI06-1O.jpg</image>
          </product>
        <product type="Incandescent1500W">
          <title>star</title>
		  <image>RPI06-1L.jpg</image>
        </product>
        <product type="Incandescent2000W">
          <title>star</title>
		  <image>RPI06-1L.jpg</image>
        </product>
        <product type="MagneticLowVoltage600VA">
          <title>star</title>
		  <image>RPI06-1L.jpg</image>
        </product>
        <product type="MagneticLowVoltage1000VA">
          <title>star</title>
		  <image>6602.jpg</image>
        </product>
        <product type="MagneticLowVoltage1500VA">
          <title>star</title>
		  <image>RPI06-1L.jpg</image>
        </product>
        <product type="FanSpeedControl15AmpAndDimmer300W">
          <title>RTD01-10</title>
		  <image>RTD01-10.jpg</image>
          <popup>
            <multiLocationControl>Multi Location Control: Single Pole Only</multiLocationControl>
            <deviceColors>Z</deviceColors>
            <neutralRequired>No</neutralRequired>
            <colorKits></colorKits>             
            <kitColors></kitColors>
            <wallplatesType>Decora screwless or Decora standard, sold separately</wallplatesType>             
          </popup>
        </product>         
        <product type="FanSpeedControlQuiet15Amp">
          <title>RTF01-10</title>
		  <image>RTF01-10.jpg</image>
          <popup>
            <multiLocationControl>Multi Location Control: Single Pole or 3-way control when used with 3-way switch</multiLocationControl>
            <deviceColors>Z</deviceColors>
            <neutralRequired>Yes</neutralRequired>
            <colorKits>IPQFK-00</colorKits>             
            <kitColors>W, I, T, G, E, B, R</kitColors>
            <wallplatesType>Decora screwless or Decora standard, sold separately</wallplatesType>             
          </popup>
        </product>

      </productCategory>

      <productCategory category="SureSlide">
        
        <product type="Incandescent600W">
          <title>6631-L</title>
		  <image>6631-L.jpg</image>
          <popup>
            <multiLocationControl>Multi Location Control: 6631 is Single Pole Only. 6633 and 6674 are Single Pole or 3-way control when used with 3-way switch</multiLocationControl>
            <deviceColors>W, I, T</deviceColors>          
            <neutralRequired>No</neutralRequired>
            <colorKits></colorKits>
            <kitColors></kitColors>
            <wallplatesType>Decora screwless or Decora standard, sold separately</wallplatesType>             
          </popup>
        </product>
        <product type="Incandescent600W">
          <title>6633-PL</title>
		  <image>6633-PL.jpg</image>
          <popup>
            <multiLocationControl>Multi Location Control: 6631 is Single Pole Only. 6633 and 6674 are Single Pole or 3-way control when used with 3-way switch</multiLocationControl>
            <deviceColors>W, I, T, G, E</deviceColors>
            <neutralRequired>No</neutralRequired>
            <colorKits></colorKits>
            <kitColors></kitColors>
            <wallplatesType>Decora screwless or Decora standard, sold separately</wallplatesType>             
          </popup>
        </product>
        <product type="Incandescent600W">
          <title>6674-10</title>
		  <image>6674-10.jpg</image>
          <popup>
            <multiLocationControl>Multi Location Control: 6631 is Single Pole Only. 6633 and 6674 are Single Pole or 3-way control when used with 3-way switch</multiLocationControl>
            <deviceColors>W, I, T, E, B</deviceColors>           
            <neutralRequired>No</neutralRequired>
            <colorKits></colorKits>
            <kitColors></kitColors>
            <wallplatesType>Decora screwless or Decora standard, sold separately</wallplatesType>             
          </popup>
        </product>						
        <product type="Incandescent1000W">
          <title>star</title>
		  <image>6631-L.jpg</image>
        </product>
        <product type="Incandescent1500W">
          <title>star</title>
		  <image>6631-L.jpg</image>
        </product>
        <product type="Incandescent2000W">
          <title>star</title>
		  <image>6631-L.jpg</image>
        </product>
        <product type="LEDandCFL150W">
          <title>6674-10</title>
		  <image>6674-10.jpg</image> 
          <popup>
            <multiLocationControl>Multi Location Control: Single Pole or 3-way control when used with 3-way switch</multiLocationControl>
            <deviceColors>W, I, T, E, B</deviceColors>          
            <neutralRequired>No</neutralRequired>
            <colorKits></colorKits>
            <kitColors></kitColors>
            <wallplatesType>Decora screwless or Decora standard, sold separately</wallplatesType>             
          </popup>                    
        </product>
        <product type="ElectronicLowVoltage300W">
          <title>6615-P</title>
		  <image>6633-PL.jpg</image>
          <popup>
            <multiLocationControl>Multi Location Control: Single Pole or 3-way control when used with 3-way switch</multiLocationControl>
            <deviceColors>W,T</deviceColors>          
            <neutralRequired>Yes</neutralRequired>
            <colorKits></colorKits>
            <kitColors></kitColors>
            <wallplatesType>Decora screwless or Decora standard, sold separately</wallplatesType>             
          </popup>
        </product>          
        <product type="MagneticLowVoltage300VADualSlideDimmer">
          <title>6628</title>
		  <image>6628.jpg</image>
          <popup>
            <multiLocationControl>Multi Location Control: Single Pole or 3-way control when used with 3-way switch</multiLocationControl>
            <deviceColors>W, I, T</deviceColors>          
            <neutralRequired>No</neutralRequired>
            <colorKits></colorKits>
            <kitColors></kitColors>
            <wallplatesType>Decora screwless or Decora standard, sold separately </wallplatesType>             
          </popup>
        </product>
        <product type="MagneticLowVoltage600VA">
          <title>6613-PL</title>
		  <image>6633-PL.jpg</image>
          <popup>
            <multiLocationControl>Multi Location Control: Single Pole or 3-way control when used with 3-way switch</multiLocationControl>
            <deviceColors>W, I, T</deviceColors>          
            <neutralRequired>No</neutralRequired>
            <colorKits></colorKits>
            <kitColors></kitColors>
            <wallplatesType>Decora screwless or Decora standard, sold separately </wallplatesType>             
          </popup>          
        </product>
        <product type="MagneticLowVoltage1500VA">
          <title>star</title>
		  <image>6631-L.jpg</image>
        </product>  
        <product type="FanSpeedControlQuiet15Amp">
          <title>6629-3</title>
		  <image>6633-PL.jpg</image>
          <popup>
            <multiLocationControl>Multi Location Control: Single Pole or 3-way control when used with 3-way switch</multiLocationControl>
            <deviceColors>W, I, T</deviceColors>
            <neutralRequired>No</neutralRequired>
            <colorKits>IPQFK-00</colorKits>             
            <kitColors>W, I, T, G, E, B, R</kitColors>
            <wallplatesType>Decora screwless or Decora standard, sold separately</wallplatesType>             
          </popup>
        </product>      
        <product type="FanSpeedControlVariable5Amp">
          <title>6627-1</title>
		  <image>6631-L.jpg</image>
          <popup>
            <multiLocationControl>Multi Location Control: 6627 is Single Pole Only. 6637 is Single Pole or 3-way control when used with 3-way switch</multiLocationControl>
            <deviceColors>W, I, B</deviceColors>
            <neutralRequired>No</neutralRequired>
            <colorKits></colorKits>             
            <kitColors></kitColors>
            <wallplatesType>Decora screwless or Decora standard, sold separately</wallplatesType>             
          </popup>
        </product>
        <product type="FanSpeedControlVariable5Amp">
          <title>6637-P</title>
		  <image>6633-PL.jpg</image>
          <popup>
            <multiLocationControl>Multi Location Control: 6627 is Single Pole Only. 6637 is Single Pole or 3-way control when used with 3-way switch</multiLocationControl>
            <deviceColors>W, I, T</deviceColors>
            <neutralRequired>No</neutralRequired>
            <colorKits></colorKits>             
            <kitColors></kitColors>
            <wallplatesType>Decora screwless or Decora standard, sold separately</wallplatesType>             
          </popup>
        </product>        
      </productCategory>

      <productCategory category="Trimatron">
        
        <product type="Incandescent600W">
          <title>6602</title>
		  <image>6602.jpg</image>
          <popup>
            <multiLocationControl>Multi Location Control: 6602 and 6681 are Single Pole Only. 6683 is Single Pole or 3-way control when used with 3-way switch</multiLocationControl>
            <deviceColors>6602 = W</deviceColors>           
            <neutralRequired>No</neutralRequired>
            <colorKits>80400, 26115 (metal insert)</colorKits>
            <kitColors>W, I, T, E, B*</kitColors>
            <kitColors>* available in brown w/no suffix. No light almond kit for 80400</kitColors>
            <wallplatesType>Standard toggle wallplate, sold separately</wallplatesType>             
          </popup>
        </product>
        <product type="Incandescent600W">
          <title>6681</title>
		  <image>6602.jpg</image>
          <popup>
            <multiLocationControl>Multi Location Control: 6602 and 6681 are Single Pole Only. 6683 is Single Pole or 3-way control when used with 3-way switch</multiLocationControl>
            <deviceColors>6681 = W, I</deviceColors>
            <neutralRequired>No</neutralRequired>
            <colorKits>80400, 26115 (metal insert)</colorKits>
            <kitColors>W, I, T, E, B*</kitColors>
            <kitColors>* available in brown w/no suffix. No light almond kit for 80400</kitColors>
            <wallplatesType>Standard toggle wallplate, sold separately</wallplatesType>             
          </popup>
        </product>
        <product type="Incandescent600W">
          <title>6683</title>
		  <image>6602.jpg</image>
          <popup>
            <multiLocationControl>Multi Location Control: 6602 and 6681 are Single Pole Only. 6683 is Single Pole or 3-way control when used with 3-way switch</multiLocationControl>
            <deviceColors>6683 = Z</deviceColors>           
            <neutralRequired>No</neutralRequired>
            <colorKits>80400, 26115 (metal insert)</colorKits>
            <kitColors>W, I, T, E, B*</kitColors>
            <kitColors>* available in brown w/no suffix. No light almond kit for 80400</kitColors>
            <wallplatesType>Standard toggle wallplate, sold separately</wallplatesType>             
          </popup>
        </product>
						
        <product type="Incandescent1000W">
          <title>star</title>
		  <image>6602.jpg</image>
        </product>
        <product type="Incandescent1500W">
          <title>star</title>
		  <image>6602.jpg</image>
        </product>
        <product type="Incandescent2000W">
          <title>star</title>
		  <image>6602.jpg</image>
        </product>
        <product type="MagneticLowVoltage600VA">
          <title>star</title>
		  <image>6602.jpg</image>
        </product>
        <product type="MagneticLowVoltage1000VA">
          <title>star</title>
		  <image>6602.jpg</image>
        </product>
        <product type="MagneticLowVoltage1500VA">
          <title>star</title>
		  <image>6602.jpg</image>
        </product>         
        <product type="FanSpeedControlQuiet15Amp">
          <title>6639</title>
		  <image>6602.jpg</image>
          <popup>
            <multiLocationControl>Multi Location Control: Single Pole Only</multiLocationControl>
            <deviceColors>Z</deviceColors>
            <neutralRequired>No</neutralRequired>
            <colorKits></colorKits>             
            <kitColors></kitColors>
            <wallplatesType>Standard toggle wallplate, sold separately </wallplatesType>             
          </popup>
        </product>
        <product type="FanSpeedControlVariable5Amp">
          <title>6616-X</title>
		  <image>6602.jpg</image>
          <popup>
            <multiLocationControl>Multi Location Control: Single Pole Only</multiLocationControl>
            <deviceColors>W, I</deviceColors>
            <neutralRequired>No</neutralRequired>
            <colorKits></colorKits>             
            <kitColors></kitColors>
            <wallplatesType>Standard toggle wallplate, sold separately </wallplatesType>             
          </popup>
        </product>

      </productCategory>
      
      <productCategory category="Mural">
	  
        <product type="Incandescent600W">
          <title>MDI06-1L</title>
		  <image>MDI06-1L.jpg</image>		  
          <popup>
            <multiLocationControl>Multi Location Control: Digital circuitry provides Single Pole, 3-way or Multi-Location dimming with MS00R remote</multiLocationControl>
            <deviceColors>W, I</deviceColors>         
            <neutralRequired>No</neutralRequired>
            <colorKits>DRKDD-1L</colorKits>
            <kitColors>W, I, G, E, B</kitColors>
            <wallplatesType>Decora screwless or Decora standard, sold separately</wallplatesType>             
          </popup>
        </product>      
        <product type="Incandescent1000W">
          <title>MDI10-1L</title>
		  <image>MDI10-1L.jpg</image>		  		  
          <popup>
            <multiLocationControl>Multi Location Control: Digital circuitry provides Single Pole, 3-way or Multi-Location dimming with MS00R remote</multiLocationControl>
            <deviceColors>W, I</deviceColors>
            <neutralRequired>No</neutralRequired>
            <colorKits>DRKDD-1L</colorKits>             
            <kitColors>W, I, G, E, B</kitColors>
            <wallplatesType>Decora screwless or Decora standard, sold separately</wallplatesType>             
          </popup>
        </product>
        <product type="Incandescent1500W">
          <title>star</title>
		  <image>MDI10-1L.jpg</image>		  		  		  
        </product>
        <product type="Incandescent2000W">
          <title>star</title>
		  <image>MDI10-1L.jpg</image>		  		  		  		  
        </product>
        <product type="ElectronicLowVoltage350VA">
          <title>MDE03-1LW</title>
		 <image>MDE03-1LW.jpg</image>
          <popup>
            <multiLocationControl>Multi Location Control: Digital circuitry provides Single Pole, 3-way or Multi-Location dimming with MSE0R remote</multiLocationControl>
            <deviceColors>W</deviceColors>
            <neutralRequired>Yes</neutralRequired>
            <colorKits>DRKDD-1L</colorKits>             
            <kitColors>W, I, G, E, B</kitColors>
            <wallplatesType>Decora screwless or Decora standard, sold separately</wallplatesType>             
          </popup> 
        </product>
        <product type="MagneticLowVoltage600VA">
          <title>MDM06-1L</title>
		 <image>MDM06-1L.jpg</image>		  
          <popup>
            <multiLocationControl>Multi Location Control: Digital circuitry provides Single Pole, 3-way or Multi-Location dimming with MS00R remote</multiLocationControl>
            <deviceColors>W, I</deviceColors>
            <neutralRequired>No</neutralRequired>
            <colorKits>DRKDD-1L</colorKits>             
            <kitColors>W, I, G, E, B</kitColors>
            <wallplatesType>Decora screwless or Decora standard, sold separately</wallplatesType>             
          </popup>
        </product>
        <product type="MagneticLowVoltage1000VA">
          <title>MDM10-1L</title>
		 <image>MDM10-1L.jpg</image>		  
          <popup>
            <multiLocationControl>Multi Location Control: Digital circuitry provides Single Pole, 3-way or Multi-Location dimming with MS00R remote</multiLocationControl>
            <deviceColors>W, I</deviceColors>
            <neutralRequired>No</neutralRequired>
            <colorKits>DRKDD-1L</colorKits>             
            <kitColors>W, I, G, E, B</kitColors>
            <wallplatesType>Decora screwless or Decora standard, sold separately</wallplatesType>             
          </popup>
        </product>
        <product type="MagneticLowVoltage1500VA">
          <title>star</title>
		 <image>MDM10-1L.jpg</image>		  		  
        </product>  
        <product type="FanSpeedControlQuiet15Amp">
          <title>MDF01-1L</title>
		 <image>MDF01-1L.jpg</image>		  		  		  
          <popup>
            <multiLocationControl>Multi Location Control: Digital circuitry provides Single Pole, 3-way or Multi-Location control with MSE0R remote</multiLocationControl>
            <deviceColors>W</deviceColors>
            <neutralRequired>Yes</neutralRequired>
            <colorKits>DRKDD-1L</colorKits>             
            <kitColors>W, I, G, E, B</kitColors>
            <wallplatesType>Decora screwless or Decora standard, sold separately</wallplatesType>             
          </popup>
        </product>
      </productCategory>

      <productCategory category="Toggle">

        <product type="Incandescent600W">
          <title>6641</title>
		  <image>6641.jpg</image>        
          <popup>
            <multiLocationControl>Multi Location Control: 6641 and 6691 are Single Pole Only. 6643 and 6693 are Single Pole or 3-way control when used with 3-way switch</multiLocationControl>
            <deviceColors>W, I</deviceColors>
            <neutralRequired>No</neutralRequired>
            <colorKits></colorKits>
            <kitColors></kitColors>
            <wallplatesType>Standard toggle wallplate, sold separately</wallplatesType>             
          </popup>
        </product>
        <product type="Incandescent600W">
          <title>6643</title>
		  <image>6641.jpg</image>                 
          <popup>
            <multiLocationControl>Multi Location Control: 6641 and 6691 are Single Pole Only. 6643 and 6693 are Single Pole or 3-way control when used with 3-way switch</multiLocationControl>
            <deviceColors>W, I</deviceColors>
            <neutralRequired>No</neutralRequired>
            <colorKits></colorKits>
            <kitColors></kitColors>
            <wallplatesType>Standard toggle wallplate, sold separately</wallplatesType>             
          </popup>
        </product>
        <product type="Incandescent600W">
          <title>6691</title>
		  <image>6691.jpg</image>        
          <popup>
            <multiLocationControl>Multi Location Control: 6641 and 6691 are Single Pole Only. 6643 and 6693 are Single Pole or 3-way control when used with 3-way switch</multiLocationControl>
            <deviceColors>Clear</deviceColors>
            <neutralRequired>No</neutralRequired>
            <colorKits></colorKits>
            <kitColors></kitColors>
            <wallplatesType>Standard toggle wallplate, sold separately</wallplatesType>             
          </popup>
        </product>
        <product type="Incandescent600W">
          <title>6693</title>         
		  <image>6691.jpg</image>        		  
          <popup>
            <multiLocationControl>Multi Location Control: 6641 and 6691 are Single Pole Only. 6643 and 6693 are Single Pole or 3-way control when used with 3-way switch</multiLocationControl>
            <deviceColors>Clear</deviceColors>
            <neutralRequired>No</neutralRequired>
            <colorKits></colorKits>
            <kitColors></kitColors>
            <wallplatesType>Standard toggle wallplate, sold separately</wallplatesType>             
          </popup>
        </product>				

      </productCategory>

      </products>
        
      <specsRating>
	    <spec type="title">Incandescent 120V</spec>
		<spec type="Incandescent600W">600W</spec>
        <spec type="Incandescent1000W">1000W</spec>
        <spec type="Incandescent1500W">1500W</spec>
        <spec type="Incandescent2000W">2000W</spec>
		<spec type="spacer"></spec>
	    <spec type="title">LED and CFL</spec>
        <spec type="LEDandCFL150W">150W</spec>
		<spec type="spacer"></spec>
	    <spec type="title">Electronic Low Voltage 120V</spec>	
        <spec type="ElectronicLowVoltage350VA">350VA</spec>
        <spec type="ElectronicLowVoltage400VA">400VA</spec>
		<spec type="spacer"></spec>
	    <spec type="title">Electronic Low Voltage 120V</spec>	
		<spec type="ElectronicLowVoltage300W">300W</spec>
        <spec type="ElectronicLowVoltage400W">400W</spec>
        <spec type="ElectronicLowVoltage600W">600W</spec>
		<spec type="spacer"></spec>
	    <spec type="title">Magnetic Low Voltage</spec>		  
        <spec type="MagneticLowVoltage300VADualSlideDimmer">300VA Dual Slide Dimmer</spec>
        <spec type="MagneticLowVoltage600VA">600VA</spec>
        <spec type="MagneticLowVoltage1000VA">1000VA</spec>
        <spec type="MagneticLowVoltage1500VA">1500VA</spec>     
		<spec type="spacer"></spec>
	    <spec type="title">Fan Speed Control</spec>	
        <spec type="FanSpeedControl15AmpAndDimmer300W">1.5 Amp &amp; Dimmer 300W</spec>
        <spec type="FanSpeedControlQuiet15Amp">Quiet 1.5Amp</spec>
        <spec type="FanSpeedControlVariable5Amp">Variable 5Amp</spec>
      </specsRating> 
      
    </tab>  
  </tabs> 
</leviton>





