<?xml version="1.0" encoding="UTF-8" ?>

<leviton>
  <tabs>
    <tab title="Incandescent &amp; Fan Speed">

      <products>

        <productCategory category="Vizia +®">
          
          <product type="Incandescent600W">
            <title>VPI06-1L</title>
			<image>VPI06.jpg</image>			
            <popup>
              <multiLocationControl>Digital circuitry provides Single Pole, 3-way or Multi-Location dimming with VP00R-1L or VP00R-10 remotes</multiLocationControl>
              <deviceColors>Z, W</deviceColors>
              <neutralRequired>No</neutralRequired>
              <colorKits>VPKIT-MD, VPKIT-CD</colorKits>             
              <kitColors>W, I, T, G, E, B, R</kitColors>
              <wallplatesType>Decora screwless or Decora standard, sold separately</wallplatesType>             
            </popup>
          </product>
          <product type="Incandescent1000W">
            <title>VPM10-1L</title>
			<image>VPI06.jpg</image>
            <popup>
              <multiLocationControl>Digital circuitry provides Single Pole, 3-way or Multi-Location dimming with VP00R-1L or VP00R-10 remotes</multiLocationControl>
              <deviceColors>Z</deviceColors>
              <neutralRequired>No</neutralRequired>
              <colorKits>VPKIT-MD, VPKIT-CD</colorKits>             
              <kitColors>W, I, T, G, E, B, R</kitColors>
              <wallplatesType>Decora screwless or Decora standard, sold separately</wallplatesType>             
            </popup>
          </product>
          <product type="Incandescent1500W">
            <title>star</title>
			<image>VPI06.jpg</image>
          </product>
          <product type="Incandescent2000W">
            <title>star</title>
			<image>VPI06.jpg</image>
          </product>
          <product type="FanSpeedControlQuiet15Amp">
            <title>VPF01-1L</title>
			<image>VPI06.jpg</image>
            <popup>
              <multiLocationControl>Digital circuitry provides Single Pole, 3-way or Multi-Location control with VP00R-1L or            VP00R-10 remotes</multiLocationControl>
              <deviceColors>Z</deviceColors>
              <neutralRequired>Yes</neutralRequired>
              <colorKits>VPKIT-MD, VPKIT-CD</colorKits>             
              <kitColors>W, I, T, G, E, B, R</kitColors>
              <wallplatesType>Decora screwless or Decora standard, sold separately</wallplatesType>             
            </popup>
          </product>
         
        </productCategory>  
        
        <productCategory category="Vizia RF +®">
          
          <product type="Incandescent600W">
            <title>VRI06-1L</title>
            <image>VPI06.jpg</image>
			<popup>
              <multiLocationControl>Digital circuitry provides Single Pole, 3-way or Multi-Location dimming with VRCZ1-1L,     VP00R-1L or VP00R-10 remotes</multiLocationControl>
              <deviceColors>Z</deviceColors>
              <neutralRequired>No</neutralRequired>
              <colorKits>VPKIT-MD</colorKits>
              <kitColors>W, I, T, G, E, B, R</kitColors>
              <wallplatesType>Decora screwless or Decora standard, sold separately</wallplatesType>             
            </popup>
          </product>  
          <product type="Incandescent1000W">
            <title>VRI10-1L</title>
			<title>VRMX1-1L</title>
            <image>VPI06.jpg</image>
            <popup>
              <multiLocationControl>Digital circuitry provides Single Pole, 3-way or Multi-Location dimming with VRCZ1-1L,           VP00R-1L or VP00R-10 remotes</multiLocationControl>
              <deviceColors>Z</deviceColors>
              <neutralRequired>VRI10 = No;                VRMX1 = yes</neutralRequired>
              <colorKits>VPKIT-MD</colorKits>
              <kitColors>W, I, T, G, E, B, R</kitColors>
              <wallplatesType>Decora screwless or Decora standard, sold separately</wallplatesType>             
            </popup>
		  </product>	
          <!--product type="Incandescent1000W">
            <title>VRMX1-1L</title>
            <image>VPI06.jpg</image>			
            <popup>
              <multiLocationControl>Digital circuitry provides Single Pole, 3-way or Multi-Location dimming with VRCZ1-1L, VP00R-1L or VP00R-10 remotes</multiLocationControl>
              <deviceColors>Z</deviceColors>
              <neutralRequired>VRI10 = No; VRMX1 = yes</neutralRequired>
              <colorKits>VPKIT-MD</colorKits>
              <kitColors>W, I, T, G, E, B, R</kitColors>
              <wallplatesType>Decora screwless or Decora standard, sold separately</wallplatesType>             
            </popup>		
          </product-->
          <product type="Incandescent1500W">
            <title>star</title>
			<image>VPI06.jpg</image>
          </product>
          <product type="Incandescent2000W">
            <title>star</title>
			<image>VPI06.jpg</image>
          </product>
          <product type="FanSpeedControlQuiet15Amp">
            <title>VRF01-1L</title>
			<image>VPI06.jpg</image>
            <popup>
              <multiLocationControl>Digital circuitry provides Single Pole, 3-way or Multi-Location control with VRCZ1-1L,            VP00R-1L or VP00R-10 remotes</multiLocationControl>
              <deviceColors>Z</deviceColors>
              <neutralRequired>Yes</neutralRequired>
              <colorKits>VPKIT-MD</colorKits>             
              <kitColors>W, I, T, G, E, B, R</kitColors>
              <wallplatesType>Decora screwless or Decora standard, sold separately</wallplatesType>             
            </popup>
          </product>
        </productCategory>
        
        <productCategory category="True Touch®">
          
          <product type="Incandescent600W">
            <title>TTI06-1L</title>
			<image>TTI06.jpg</image>
            <popup>
              <multiLocationControl>Digital circuitry provides Single Pole, 3-way or Multi-Location dimming with TT00R remote</multiLocationControl>
              <deviceColors>Z, GS</deviceColors>
              <neutralRequired>No</neutralRequired>
              <colorKits>VTTKIT</colorKits>
              <kitColors>W, I, T, G, E, WS, GI, BG</kitColors>
              <wallplatesType>Decora screwless or Decora standard, sold separately</wallplatesType>             
            </popup>
          </product>
          <product type="Incandescent1000W">
            <title>TTI10-1L</title>
			<image>TTI06.jpg</image>
            <popup>
              <multiLocationControl>Digital circuitry provides Single Pole, 3-way or Multi-Location dimming with TT00R remote</multiLocationControl>
              <deviceColors>Z, GS</deviceColors>
              <neutralRequired>No</neutralRequired>
              <colorKits>TTKIT</colorKits>
              <kitColors>W, I, T, G, E, WS, GI, BG</kitColors>
              <wallplatesType>Decora screwless or Decora standard, sold separately</wallplatesType>             
            </popup>
          </product>
          <product type="Incandescent1500W">
            <title>star</title>
			<image>TTI06.jpg</image>
          </product>
          <product type="Incandescent2000W">
            <title>star</title>
			<image>TTI06.jpg</image>
          </product>

        </productCategory>

        <productCategory category="ToggleTouch®">
          
          <product type="Incandescent600W">
            <title>TGI06-1L</title>
			<image>TGI06.jpg</image>
            <popup>
              <multiLocationControl>Single Pole or     3-way control when used with 3-way switch</multiLocationControl>
              <deviceColors>W, I, T, B</deviceColors>
              <neutralRequired>No</neutralRequired>
              <wallplatesType>Standard toggle wallplate, sold separately</wallplatesType>             
            </popup>
          </product>
          <product type="Incandescent1000W">
            <title>TGI10-1L</title>
			<image>TGI06.jpg</image>
            <popup>
              <multiLocationControl>Single Pole or 3-way control when used with 3-way switch</multiLocationControl>
              <deviceColors>W, I, T, G</deviceColors>
              <neutralRequired>No</neutralRequired>
              <wallplatesType>Standard toggle wallplate, sold separately</wallplatesType>             
            </popup>
          </product>
          <product type="Incandescent1500W">
            <title>star</title>
			<image>TGI06.jpg</image>
          </product>
          <product type="Incandescent2000W">
            <title>star</title>
			<image>TGI06.jpg</image>
          </product>

        </productCategory>

        <productCategory category="IllumaTech® Slide">
          
          <product type="Incandescent600W">
            <title>IPI06-1L</title>
			<title>IPL06-10</title>
			<image>IPI06_led.jpg</image>
            <popup>
              <multiLocationControl>Single Pole or 3-way control when used with 3-way switch</multiLocationControl>
              <deviceColors>Z</deviceColors>
			  <colorKits>IPKIT-00, IPKIT-LN (For IPL06, no LED)</colorKits>
			  <kitColors>W, I, T, G, E, B, R</kitColors>
              <neutralRequired>No</neutralRequired>
              <wallplatesType>Standard toggle wallplate, sold separately</wallplatesType>             
            </popup>
          </product>
          <!--product type="Incandescent600W">
            <title>IPL06-10</title>
			<image>IPI06.jpg</image>
            <popup>
              <multiLocationControl>Single Pole or 3-way control when used with 3-way switch</multiLocationControl>
              <deviceColors>W, I, T, G</deviceColors>
              <neutralRequired>No</neutralRequired>
              <wallplatesType>Standard toggle wallplate, sold separately</wallplatesType>             
            </popup>
          </product-->
          <product type="Incandescent1000W">
            <title>IPI10-1L</title>
			<image>IPI06_led.jpg</image>
            <popup>
              <multiLocationControl>Single Pole or 3-way control when used with 3-way switch</multiLocationControl>
              <deviceColors>Z</deviceColors>
              <neutralRequired>No</neutralRequired>
              <colorKits>IPKIT-00</colorKits>             
              <kitColors>W, I, T, G, E, B, R</kitColors>
              <wallplatesType>Decora screwless or Decora standard, sold separately</wallplatesType>             
            </popup>
          </product>
          <product type="Incandescent1500W">
            <title>star</title>
			<image>IPI06.jpg</image>
          </product>
          <product type="Incandescent2000W">
            <title>star</title>
			<image>IPI06.jpg</image>
          </product>
 
          <product type="FanSpeedControlQuiet15Amp">
            <title>IPF01-1L</title>
			<image>IPI06_led.jpg</image>
            <popup>
              <multiLocationControl>Single Pole or 3-way control when used with 3-way switch</multiLocationControl>
              <deviceColors>Z</deviceColors>
              <neutralRequired>No</neutralRequired>
              <colorKits>IPQFK-00</colorKits>             
              <kitColors>W, I, T, G, E, B, R</kitColors>
              <wallplatesType>Decora screwless or Decora standard, sold separately</wallplatesType>             
            </popup>
          </product>
          <product type="FanSpeedControlVariable5Amp">
            <title>IPF05-1L</title>
			<image>IPI06_led.jpg</image>
            <popup>
              <multiLocationControl>Single Pole or 3-way control when used with 3-way switch</multiLocationControl>
              <deviceColors>Z</deviceColors>
              <neutralRequired>Yes</neutralRequired>
              <colorKits>IPQFK-00</colorKits>             
              <kitColors>W, I, T, G, E, B, R</kitColors>
              <wallplatesType>Decora screwless or Decora standard, sold separately</wallplatesType>             
            </popup>
          </product>

        </productCategory>

        <productCategory category="IllumaTech® Rotary">
          
          <product type="Incandescent600W">
            <title>RPI06-1L</title>
            <title>RPI06-10</title>			
			<image>RPI06-1O.jpg</image>         
            <popup>
              <multiLocationControl>Single Pole or 3-way control when used with 3-way switch</multiLocationControl>
              <deviceColors>Z</deviceColors>
              <neutralRequired>No</neutralRequired>
              <wallplatesType>Decora screwless or Decora standard, sold separately</wallplatesType>             
            </popup>
          </product>
          <!--product type="Incandescent600W">
            <title>RPI06-10</title>
			<image>RPI06-1O.jpg</image>         
            <popup>
              <multiLocationControl>Single Pole or 3-way control when used with 3-way switch</multiLocationControl>
              <deviceColors>Z</deviceColors>
              <neutralRequired>No</neutralRequired>
              <wallplatesType>Decora screwless or Decora standard, sold separately</wallplatesType>             
            </popup>
          </product-->	  
          <product type="Incandescent1000W">
          	<title>star</title>
		  	<image>RPI06-1O.jpg</image>
          </product>
        <product type="Incandescent1500W">
          <title>star</title>
		  <image>RPI06-1L.jpg</image>
        </product>
        <product type="Incandescent2000W">
          <title>star</title>
		  <image>RPI06-1L.jpg</image>
        </product>

        <product type="FanSpeedControl15AmpAndDimmer300W">
          <title>RTD01-10</title>
		  <image>RTD01-10.jpg</image>
          <popup>
            <multiLocationControl>Single Pole Only</multiLocationControl>
            <deviceColors>Z</deviceColors>
            <neutralRequired>No</neutralRequired>
            <wallplatesType>Decora screwless or Decora standard, sold separately</wallplatesType>             
          </popup>
        </product>         
        <product type="FanSpeedControlQuiet15Amp">
          <title>RTF01-10</title>
		  <image>RTF01-10.jpg</image>
          <popup>
            <multiLocationControl>Single Pole Only</multiLocationControl>
            <deviceColors>Z</deviceColors>
            <neutralRequired>No</neutralRequired>
            <wallplatesType>Decora screwless or Decora standard, sold separately</wallplatesType>             
          </popup>
        </product>

      </productCategory>

      <productCategory category="SureSlide®">
        
        <product type="Incandescent600W">
          <title>6631-L</title>
		  <title>6633-PL</title>
		  <title>6674-10</title>
		  <!--image>6631-L.jpg</image-->
		  <image>6633-PL.jpg</image>
          <popup>
            <multiLocationControl>6631 is Single Pole Only. 6633 and 6674 are Single Pole or 3-way control when used with 3-way switch</multiLocationControl>
            <deviceColors>6631-L = W, I, T</deviceColors> 
            <deviceColors>6633-PL = W, I, T, G, E</deviceColors>
            <deviceColors>6674-10 = W, I, T, E, B</deviceColors>           		         
            <neutralRequired>No</neutralRequired>
            <wallplatesType>Decora screwless or Decora standard, sold separately</wallplatesType>             
          </popup>
        </product>
        <!--product type="Incandescent600W">
          <title>6633-PL</title>
		  <image>6633-PL.jpg</image>
          <popup>
            <multiLocationControl>6631 is Single Pole Only. 6633 and 6674 are Single Pole or 3-way control when used with 3-way switch</multiLocationControl>
            <deviceColors>W, I, T, G, E</deviceColors>
            <neutralRequired>No</neutralRequired>
            <wallplatesType>Decora screwless or Decora standard, sold separately</wallplatesType>             
          </popup>
        </product>
        <product type="Incandescent600W">
          <title>6674-10</title>
		  <image>6674-10.jpg</image>
          <popup>
            <multiLocationControl>6631 is Single Pole Only. 6633 and 6674 are Single Pole or 3-way control when used with 3-way switch</multiLocationControl>
            <deviceColors>W, I, T, E, B</deviceColors>           
            <neutralRequired>No</neutralRequired>
            <wallplatesType>Decora screwless or Decora standard, sold separately</wallplatesType>             
          </popup>
        </product-->						
        <product type="Incandescent1000W">
          <title>star</title>
		  <image>6631-L.jpg</image>
        </product>
        <product type="Incandescent1500W">
          <title>star</title>
		  <image>6631-L.jpg</image>
        </product>
        <product type="Incandescent2000W">
          <title>star</title>
		  <image>6631-L.jpg</image>
        </product>
	
        <product type="FanSpeedControlQuiet15Amp">
          <title>6629</title>
		  <image>6633-PL.jpg</image>
          <popup>
            <multiLocationControl>Single Pole or 3-way control when used with 3-way switch</multiLocationControl>
            <deviceColors>W, I, T</deviceColors>
            <neutralRequired>No</neutralRequired>
            <wallplatesType>Decora screwless or Decora standard, sold separately</wallplatesType>             
          </popup>
        </product>
		    
        <product type="FanSpeedControlVariable5Amp">
          <title>6627-1</title>
          <title>6637-P</title>		  
		  <image>6631-L.jpg</image>
          <popup>
            <multiLocationControl>6627 is Single Pole Only. 6637 is Single Pole or 3-way control when used with 3-way switch</multiLocationControl>
            <deviceColors>6627-1 = W, I, B</deviceColors>
            <deviceColors>6637-P = W, I, T</deviceColors>			
            <neutralRequired>No</neutralRequired>
            <wallplatesType>Decora screwless or Decora standard, sold separately</wallplatesType>             
          </popup>
        </product>
        <!--product type="FanSpeedControlVariable5Amp">
          <title>6637-P</title>
		  <image>6633-PL.jpg</image>
          <popup>
            <multiLocationControl>6627 is Single Pole Only. 6637 is Single Pole or 3-way control when used with 3-way switch</multiLocationControl>
            <deviceColors>W, I, T</deviceColors>
            <neutralRequired>No</neutralRequired>
            <wallplatesType>Decora screwless or Decora standard, sold separately</wallplatesType>             
          </popup>
        </product-->        
      </productCategory>

      <productCategory category="Trimatron®">
        
        <product type="Incandescent600W">
          <title>6602</title>
		  <title>6681</title>
		  <title>6683</title>
		  <image>6602.jpg</image>
          <popup>
            <multiLocationControl>6602 and 6681 are Single Pole Only. 6683 is Single Pole or 3-way control when used with 3-way switch</multiLocationControl>
            <deviceColors>6602 = W</deviceColors>
            <deviceColors>6681 = W, I</deviceColors>
            <deviceColors>6683 = Z</deviceColors>           			           
            <neutralRequired>No</neutralRequired>
            <colorKits>80400, 26115 (metal insert)</colorKits>
            <kitColors>W, I, T, E, B*</kitColors>
            <kitColors>* available in brown w/no suffix. No light almond kit for 80400</kitColors>
            <wallplatesType>Standard toggle wallplate, sold separately</wallplatesType>             
          </popup>
        </product>
        <!--product type="Incandescent600W">
          <title>6681</title>
		  <image>6602.jpg</image>
          <popup>
            <multiLocationControl>6602 and 6681 are Single Pole Only. 6683 is Single Pole or 3-way control when used with 3-way switch</multiLocationControl>
            <deviceColors>6681 = W, I</deviceColors>
            <neutralRequired>No</neutralRequired>
            <colorKits>80400, 26115 (metal insert)</colorKits>
            <kitColors>W, I, T, E, B*</kitColors>
            <kitColors>* available in brown w/no suffix. No light almond kit for 80400</kitColors>
            <wallplatesType>Standard toggle wallplate, sold separately</wallplatesType>             
          </popup>
        </product>
        <product type="Incandescent600W">
          <title>6683</title>
		  <image>6602.jpg</image>
          <popup>
            <multiLocationControl>6602 and 6681 are Single Pole Only. 6683 is Single Pole or 3-way control when used with 3-way switch</multiLocationControl>
            <deviceColors>6683 = Z</deviceColors>           
            <neutralRequired>No</neutralRequired>
            <colorKits>80400, 26115 (metal insert)</colorKits>
            <kitColors>W, I, T, E, B*</kitColors>
            <kitColors>* available in brown w/no suffix. No light almond kit for 80400</kitColors>
            <wallplatesType>Standard toggle wallplate, sold separately</wallplatesType>             
          </popup>
        </product-->
						
        <product type="Incandescent1000W">
          <title>star</title>
		  <image>6602.jpg</image>
        </product>
        <product type="Incandescent1500W">
          <title>star</title>
		  <image>6602.jpg</image>
        </product>
        <product type="Incandescent2000W">
          <title>star</title>
		  <image>6602.jpg</image>
        </product>
        
        <product type="FanSpeedControlQuiet15Amp">
          <title>6639</title>
		  <image>6602.jpg</image>
          <popup>
            <multiLocationControl>Single Pole Only</multiLocationControl>
            <deviceColors>Z</deviceColors>
            <neutralRequired>No</neutralRequired>
            <wallplatesType>Standard toggle wallplate, sold separately </wallplatesType>             
          </popup>
        </product>
        <product type="FanSpeedControlVariable5Amp">
          <title>6616-X</title>
		  <image>6602.jpg</image>
          <popup>
            <multiLocationControl>Single Pole Only</multiLocationControl>
            <deviceColors>W, I</deviceColors>
            <neutralRequired>No</neutralRequired>
            <wallplatesType>Standard toggle wallplate, sold separately </wallplatesType>             
          </popup>
        </product>

      </productCategory>
      
      <productCategory category="Mural®">
	  
        <product type="Incandescent600W">
          <title>MDI06-1L</title>
		  <image>MDI06-1L.jpg</image>		  
          <popup>
            <multiLocationControl>Digital circuitry provides Single Pole, 3-way or Multi-Location dimming with MS00R remote</multiLocationControl>
            <deviceColors>W, I</deviceColors>         
            <neutralRequired>No</neutralRequired>
            <colorKits>DRKDD-1L</colorKits>
            <kitColors>W, I, G, E, B</kitColors>
            <wallplatesType>Decora screwless or Decora standard, sold separately</wallplatesType>             
          </popup>
        </product>      
        <product type="Incandescent1000W">
          <title>MDI10-1L</title>
		  <image>MDI10-1L.jpg</image>		  		  
          <popup>
            <multiLocationControl>Digital circuitry provides Single Pole, 3-way or Multi-Location dimming with MS00R remote</multiLocationControl>
            <deviceColors>W, I</deviceColors>
            <neutralRequired>No</neutralRequired>
            <colorKits>DRKDD-1L</colorKits>             
            <kitColors>W, I, G, E, B</kitColors>
            <wallplatesType>Decora screwless or Decora standard, sold separately</wallplatesType>             
          </popup>
        </product>
        <product type="Incandescent1500W">
          <title>star</title>
		  <image>MDI10-1L.jpg</image>		  		  		  
        </product>
        <product type="Incandescent2000W">
          <title>star</title>
		  <image>MDI10-1L.jpg</image>		  		  		  		  
        </product>
 
        <product type="FanSpeedControlQuiet15Amp">
          <title>MDF01-1L</title>
		 <image>MDF01-1L.jpg</image>		  		  		  
          <popup>
            <multiLocationControl>Digital circuitry provides Single Pole, 3-way or Multi-Location control with MSE0R remote</multiLocationControl>
            <deviceColors>W</deviceColors>
            <neutralRequired>Yes</neutralRequired>
            <colorKits>DRKDD-1L</colorKits>             
            <kitColors>W, I, G, E, B</kitColors>
            <wallplatesType>Decora screwless or Decora standard, sold separately</wallplatesType>             
          </popup>
        </product>
      </productCategory>

      <productCategory category="Toggle">

        <product type="Incandescent600W">
          <title>6641</title>
		  <title>6643</title>
		  <title>6691</title>
		  <title>6693</title>
		  <image>6641.jpg</image>        
          <popup>
            <multiLocationControl>6641 and 6691 are Single Pole Only. 6643 and 6693 are Single Pole or 3-way control when used with 3-way switch</multiLocationControl>
            <deviceColors>6641 = W, I</deviceColors>
            <deviceColors>6643 = W, I</deviceColors>
			<deviceColors>6691 = Clear</deviceColors>	
			<deviceColors>6693 = Clear</deviceColors>	
            <neutralRequired>No</neutralRequired>
            <wallplatesType>Standard toggle wallplate, sold separately</wallplatesType>             
          </popup>
        </product>
        <!--product type="Incandescent600W">
          <title>6643</title>
		  <image>6641.jpg</image>                 
          <popup>
            <multiLocationControl>6641 and 6691 are Single Pole Only. 6643 and 6693 are Single Pole or 3-way control when used with 3-way switch</multiLocationControl>
            <deviceColors>W, I</deviceColors>
            <neutralRequired>No</neutralRequired>
            <wallplatesType>Standard toggle wallplate, sold separately</wallplatesType>             
          </popup>
        </product>
        <product type="Incandescent600W">
          <title>6691</title>
		  <image>6691.jpg</image>        
          <popup>
            <multiLocationControl>6641 and 6691 are Single Pole Only. 6643 and 6693 are Single Pole or 3-way control when used with 3-way switch</multiLocationControl>
            <deviceColors>Clear</deviceColors>
            <neutralRequired>No</neutralRequired>
            <wallplatesType>Standard toggle wallplate, sold separately</wallplatesType>             
          </popup>
        </product>
        <product type="Incandescent600W">
          <title>6693</title>         
		  <image>6691.jpg</image>        		  
          <popup>
            <multiLocationControl>6641 and 6691 are Single Pole Only. 6643 and 6693 are Single Pole or 3-way control when used with 3-way switch</multiLocationControl>
            <deviceColors>Clear</deviceColors>
            <neutralRequired>No</neutralRequired>
            <wallplatesType>Standard toggle wallplate, sold separately</wallplatesType>             
          </popup>
        </product-->				

      </productCategory>

      </products>
        
      <specsRating>
	    <spec type="title">Incandescent 120V</spec>
		<spec type="Incandescent600W">600W</spec>
        <spec type="Incandescent1000W">1000W</spec>
        <spec type="Incandescent1500W">1500W</spec>
        <spec type="Incandescent2000W">2000W</spec>
		<spec type="spacer"></spec>
	    <spec type="title">Fan Speed Control</spec>	
        <spec type="FanSpeedControl15AmpAndDimmer300W">1.5 Amp &amp; Dimmer 300W</spec>
        <spec type="FanSpeedControlQuiet15Amp">Quiet 1.5 Amp</spec>
        <spec type="FanSpeedControlVariable5Amp">Variable 5 Amp</spec>
      </specsRating> 
      
    </tab>  
  </tabs> 
</leviton>





