<?xml version="1.0" encoding="UTF-8" ?>

<leviton>
  <tabs>
    <tab title="Fluorescent">

      <products>

        <productCategory category="Vizia +">
          
          <product type="FluorescentElectronicMark10Powerline120V1000VA">
            <title>VPX10-1L</title>
			<image>VPIO6.jpg</image>
            <popup>
              <multiLocationControl>Multi Location Control: Digital circuitry provides Single Pole, 3-way or Multi-Location dimming with VP00R-1L or VP00R-10 remotes</multiLocationControl>
              <deviceColors>Z, T</deviceColors>
              <neutralRequired>Yes</neutralRequired>
              <colorKits>VPKIT-MD, VPKIT-CD</colorKits>             
              <kitColors>W, I, T, G, E, B, R</kitColors>
              <wallplatesType>Decora screwless or Decora standard, sold separately</wallplatesType>             
            </popup>            
          </product>
		  
          <product type="FluorescentElectronicMark10Powerline120V1500VA">
            <title>star</title>
			<image>VPIO6.jpg</image>
          </product>
		  
		  <product type="FluorescentElectronicMark10Powerline277V1200VA">
            <title>VPX12-7L</title>
			<image>VPIO6.jpg</image>
            <popup>
              <multiLocationControl>Multi Location Control: Digital circuitry provides Single Pole, 3-way or Multi-Location dimming with VP00R-1L or VP00R-10 remotes</multiLocationControl>
              <deviceColors>Z, T</deviceColors>
              <neutralRequired>Yes</neutralRequired>
              <colorKits>VPKIT-MD, VPKIT-CD</colorKits>             
              <kitColors>W, I, T, G, E, B, R</kitColors>
              <wallplatesType>Decora screwless or Decora standard, sold separately</wallplatesType>             
            </popup>            
          </product>  
		    
          <product type="FluorescentElectronicMark10Powerline277V2000VA">
            <title>star</title>
			<image>VPIO6.jpg</image>
          </product>
		  
          <product type="FluorescentElectronicMark10Powerline277V3000VA">
            <title>star</title>
			<image>VPIO6.jpg</image>
          </product>
		     
          <product type="FluorescentDimmerforHiLumeorEco108A120VAC">
            <title>VPH08-1L</title>
			<image>VPIO6.jpg</image>
            <popup>
              <multiLocationControl>Multi Location Control: Digital circuitry provides Single Pole, 3-way or Multi-Location dimming with VP00R-1L or VP00R-10 remotess</multiLocationControl>
              <deviceColors>Z</deviceColors>
              <neutralRequired>Yes</neutralRequired>
              <colorKits>VPKIT-MD, VPKIT-CD</colorKits>             
              <kitColors>W, I, T, G, E, B, R</kitColors>
              <wallplatesType>Decora screwless or Decora standard, sold separately</wallplatesType>             
            </popup>            
          </product>
		  
          <product type="FluorescentDimmerforHiLumeorEco106A277VAC">
            <title>VPH06-7L</title>
			<image>VPIO6.jpg</image>
            <popup>
              <multiLocationControl>Multi Location Control: Digital circuitry provides Single Pole, 3-way or Multi-Location dimming with VP00R-1L or VP00R-10 remotes</multiLocationControl>
              <deviceColors>Z</deviceColors>
              <neutralRequired>Yes</neutralRequired>
              <colorKits>VPKIT-MD, VPKIT-CD</colorKits>             
              <kitColors>W, I, T, G, E, B, R</kitColors>
              <wallplatesType>Decora screwless or Decora standard, sold separately</wallplatesType>             
            </popup>
          </product>

        </productCategory>  
        
        <productCategory category="Vizia RF +">
		
          <product type="FluorescentElectronicMark10Powerline120V1000VA">
            <title>VRMX1-1</title>
			<image>VPIO6.jpg</image>
            <popup>
              <multiLocationControl>Digital circuitry provides Single Pole, 3-way or Multi-Location dimming with VRCZ1-1L, VP00R-1L or VP00R-10 remotes</multiLocationControl>
              <deviceColors>Z</deviceColors>
              <neutralRequired>Yes</neutralRequired>
              <colorKits>VPKIT-MD</colorKits>             
              <kitColors>W, I, T, G, E, B, R</kitColors>
              <wallplatesType>Decora screwless or Decora standard, sold separately</wallplatesType>             
            </popup>            
          </product>
		
        </productCategory>

        <productCategory category="IllumaTech Slide">
		
          <product type="FluorescentElectronicMark10Powerline120V600VA">
            <title>IPX06-10</title>
			<image>IPL06.jpg</image>
            <popup>
              <multiLocationControl>Single Pole or 3-way control when used with 3-way switch</multiLocationControl>
              <deviceColors>Z</deviceColors>
              <neutralRequired>Yes</neutralRequired>
              <colorKits>IPKIT-0N</colorKits>             
              <kitColors>W, I, T, G, E, B, R</kitColors>
              <wallplatesType>Decora screwless or Decora standard, sold separately</wallplatesType>             
            </popup>            
          </product>
		
          <product type="FluorescentElectronicMark10Powerline120V1000VA">
            <title>IPX10-10</title>
			<image>IPL06.jpg</image>
            <popup>
              <multiLocationControl>Single Pole or 3-way control when used with 3-way switch</multiLocationControl>
              <deviceColors>Z</deviceColors>
              <neutralRequired>Yes</neutralRequired>
              <colorKits>IPKIT-0N</colorKits>             
              <kitColors>W, I, T, G, E, B, R</kitColors>
              <wallplatesType>Decora screwless or Decora standard, sold separately</wallplatesType>             
            </popup>            
          </product>
		
          <product type="FluorescentElectronicMark10Powerline227V600VA">
            <title>IPX06-70</title>
			<image>IPL06.jpg</image>
            <popup>
              <multiLocationControl>Single Pole or 3-way control when used with 3-way switch</multiLocationControl>
              <deviceColors>Z</deviceColors>
              <neutralRequired>Yes</neutralRequired>
              <colorKits>IPKIT-0N</colorKits>             
              <kitColors>W, I, T, G, E, B, R</kitColors>
              <wallplatesType>Decora screwless or Decora standard, sold separately</wallplatesType>             
            </popup>            
          </product>		  
		
          <product type="FluorescentElectronicMark10Powerline277V1200VA">
            <title>IPX12-70</title>
			<image>IPL06.jpg</image>
            <popup>
              <multiLocationControl>Single Pole or 3-way control when used with 3-way switch</multiLocationControl>
              <deviceColors>Z</deviceColors>
              <neutralRequired>Yes</neutralRequired>
              <colorKits>IPKIT-0N</colorKits>             
              <kitColors>W, I, T, G, E, B, R</kitColors>
              <wallplatesType>Decora screwless or Decora standard, sold separately</wallplatesType>             
            </popup>            
          </product>
		
          <product type="FluorescentElectronicMark10Powerline277V2000VA">
            <title>star</title>
			<image>IPL06.jpg</image>           
          </product>
		
          <product type="FluorescentElectronic010VDCMark7orQuicktronicHelios8A120V1200VA">
            <title>IP710-DL</title>
			<image>IPL06.jpg</image>
            <popup>
              <multiLocationControl>Single Pole or 3-way control when used with 3-way switch</multiLocationControl>
              <deviceColors>Z</deviceColors>
              <neutralRequired>Yes</neutralRequired>
              <colorKits>IPKIT-00</colorKits>             
              <kitColors>W, I, T, G, E, B, R</kitColors>
              <wallplatesType>Decora screwless or Decora standard, sold separately</wallplatesType>             
            </popup>            
          </product>
		
          <product type="FluorescentElectronic010VDCMark7orQuicktronicHelios277V1500VA">
            <title>IP710-DL</title>
			<image>IPL06.jpg</image>
            <popup>
              <multiLocationControl>Single Pole or 3-way control when used with 3-way switch</multiLocationControl>
              <deviceColors>Z</deviceColors>
              <neutralRequired>Yes</neutralRequired>
              <colorKits>IPKIT-00</colorKits>             
              <kitColors>W, I, T, G, E, B, R</kitColors>
              <wallplatesType>Decora screwless or Decora standard, sold separately</wallplatesType>             
            </popup>            
          </product>
		  		  		  		  		  		
        </productCategory>

        <productCategory category="SureSlide">
		
          <product type="FluorescentElectronicMark10Powerline120V500W">
            <title>6668</title>
			<image>6631.jpg</image>
            <popup>
              <multiLocationControl>Single Pole Only</multiLocationControl>
              <deviceColors>W, I</deviceColors>
              <neutralRequired>No</neutralRequired>
              <wallplatesType>Decora screwless or Decora standard, sold separately</wallplatesType>             
            </popup>            
          </product>	

          <product type="FluorescentElectronicMark10Powerline120V500W">
            <title>test2</title>
			<image>6631.jpg</image>
            <popup>
              <multiLocationControl>Single Pole Only</multiLocationControl>
              <deviceColors>W, I</deviceColors>
              <neutralRequired>No</neutralRequired>
              <wallplatesType>Decora screwless or Decora standard, sold separately</wallplatesType>             
            </popup>            
          </product>
          <product type="FluorescentElectronicMark10Powerline120V500W">
            <title>test3</title>
			<image>6631.jpg</image>
            <popup>
              <multiLocationControl>Single Pole Only</multiLocationControl>
              <deviceColors>W, I</deviceColors>
              <neutralRequired>No</neutralRequired>
              <wallplatesType>Decora screwless or Decora standard, sold separately</wallplatesType>             
            </popup>            
          </product>
          <product type="FluorescentElectronicMark10Powerline120V500W">
            <title>test4</title>
			<image>6631.jpg</image>
            <popup>
              <multiLocationControl>Single Pole Only</multiLocationControl>
              <deviceColors>W, I</deviceColors>
              <neutralRequired>No</neutralRequired>
              <wallplatesType>Decora screwless or Decora standard, sold separately</wallplatesType>             
            </popup>            
          </product>		  
		  		  		  		
        </productCategory>

      </products>
        
      <specsRating>
      	<spec type="title">Switch</spec>
        <spec type="Switch5AIncandescentOnly">5A Incandescent Only</spec>
        <spec type="Switch15A-120VAC">15A-120VAC</spec>		
		<spec type="spacer"></spec>
        <spec type="title">Dimmer Remote</spec>
        <spec type="DimmerRemoteMatching120VAC">Matching 120VAC</spec>
        <spec type="DimmerRemoteMatching277VAC">Matching 277VAC</spec> 
        <spec type="DimmerRemoteCoordinating120VAC">Coordinating 120VAC</spec>
		<spec type="spacer"></spec>                 
        <spec type="title">Switch Remote</spec>
        <spec type="SwitchRemoteMatching120VAC">Matching 120VAC</spec>
        <spec type="SwitchRemoteCoordinating120VAC">Coordinating 120VAC</spec>
		<spec type="spacer"></spec>
       	<spec type="ApplianceModule15A120VAC">Appliance Module 15A 120VAC</spec>
       	<spec type="LampDimmingModule300W120VAC">Lamp Dimming Module 300W 120VAC</spec>	
       	<spec type="RS232Interface">RS232 Interface</spec>
       	<spec type="Receptacle1800W/1800VA">Receptacle 1800W/1800VA</spec>	
		<spec type="spacer"></spec>
        <spec type="title">4-Button</spec>
       	<spec type="4ButtonSceneController120VAC">Scene Controller 120VAC</spec>		
       	<spec type="4ButtonSceneComboController1800W/1800VA">Scene Combo Controller 1800W/1800VA, ½ HPC</spec>		
       	<spec type="4ButtonZoneController120VAC">Zone Controller 120VAC</spec>		
       	<spec type="4ButtonZoneController1800W/1800VA">Zone Combo Controller 1800W/1800VA, ½ HPC</spec>						
		<spec type="spacer"></spec>
        <spec type="title">2-Button</spec>
       	<spec type="2ButtonSceneController1000W/1000VA">Scene Controller 1000W/1000VA, ¼ HP per switch</spec>
		<spec type="spacer"></spec>				
        <spec type="title">1-Button</spec>
       	<spec type="1ButtonSceneController120VAC">Scene Controller 120VAC</spec>						
		<spec type="1ButtonZoneController120VAC">Zone Controller 120VAC</spec>				
		<spec type="spacer"></spec>
       	<spec type="Primary Remote">Primary Remote</spec>		
       	<spec type="IRRemote">IR Remote</spec>		
       	<spec type="InstallerToolSoftware&USB">Installer Tool Software & USB</spec>							
      </specsRating> 
      
    </tab>  
  </tabs> 
</leviton>
